Name,Image,Contact Number
Jane Doe,https://picsum.photos/200/300?image=864,
Jane Smith,https://picsum.photos/200/300?image=859,
Rajiv Masand,https://picsum.photos/200/300?image=396,1234567890
Rajiv Masand,https://picsum.photos/200/300?image=396,9876543210
Rajiv Masand,https://picsum.photos/200/300?image=396,5555555555
Emily Wilson,https://picsum.photos/200/300?image=998,1112223333
Emily Wilson,https://picsum.photos/200/300?image=998,1234567892
William Brown,https://picsum.photos/200/300?image=840,9998887777
William Brown,https://picsum.photos/200/300?image=840,1234567891
Olivia Davis,https://picsum.photos/200/300?image=910,4444444444
Olivia Davis,https://picsum.photos/200/300?image=910,4444444445
James Lee,https://picsum.photos/200/300?image=606,7777777777
Sophia Harris,https://picsum.photos/200/300?image=922,8888888888
Sophia Harris,https://picsum.photos/200/300?image=922,8888888889
Benjamin Patel,https://picsum.photos/200/300?image=567,2223334444
Benjamin Patel,https://picsum.photos/200/300?image=567,1234567895
Mia Martin,https://picsum.photos/200/300?image=481,6666666666